{   $petsArray = @(),,species,name,age,type
$petsArray+= [PSCustomObject]@{ Species = 'cat'; Name = 'Derek'; Age = '7'; Type = 'mammal' },$petsArrayList.Add([PSCustomObject]@{ Species = 'cat'; Name = 'Derek'; Age = '7'; Type = 'mammal' }) | Out-Null,cat,Derek,7,mammal
$petsArray+= [PSCustomObject]@{ Species = 'horse'; Name = 'Brian'; Age = '5'; Type = 'mammal' },$petsArrayList.Add([PSCustomObject]@{ Species = 'horse'; Name = 'Brian'; Age = '5'; Type = 'mammal' }) | Out-Null,horse,Brian,5,mammal
$petsArray+= [PSCustomObject]@{ Species = 'dog'; Name = 'Maxwell'; Age = '3'; Type = 'mammal' },$petsArrayList.Add([PSCustomObject]@{ Species = 'dog'; Name = 'Maxwell'; Age = '3'; Type = 'mammal' }) | Out-Null,dog,Maxwell,3,mammal
$petsArray+= [PSCustomObject]@{ Species = 'dog'; Name = 'Henry'; Age = '6'; Type = 'mammal' },$petsArrayList.Add([PSCustomObject]@{ Species = 'dog'; Name = 'Henry'; Age = '6'; Type = 'mammal' }) | Out-Null,dog,Henry,6,mammal
$petsArray+= [PSCustomObject]@{ Species = 'rabbit'; Name = 'Snoopy'; Age = '4'; Type = 'mammal' },$petsArrayList.Add([PSCustomObject]@{ Species = 'rabbit'; Name = 'Snoopy'; Age = '4'; Type = 'mammal' }) | Out-Null,rabbit,Snoopy,4,mammal
$petsArray+= [PSCustomObject]@{ Species = 'rabbit'; Name = 'Peter'; Age = '1'; Type = 'mammal' },$petsArrayList.Add([PSCustomObject]@{ Species = 'rabbit'; Name = 'Peter'; Age = '1'; Type = 'mammal' }) | Out-Null,rabbit,Peter,1,mammal
$petsArray+= [PSCustomObject]@{ Species = 'cat'; Name = 'Jeremy'; Age = '8'; Type = 'mammal' },$petsArrayList.Add([PSCustomObject]@{ Species = 'cat'; Name = 'Jeremy'; Age = '8'; Type = 'mammal' }) | Out-Null,cat,Jeremy,8,mammal
$petsArray+= [PSCustomObject]@{ Species = 'goldfish'; Name = 'Jaws'; Age = '1'; Type = 'fish' },$petsArrayList.Add([PSCustomObject]@{ Species = 'goldfish'; Name = 'Jaws'; Age = '1'; Type = 'fish' }) | Out-Null,goldfish,Jaws,1,fish
$petsArray+= [PSCustomObject]@{ Species = 'hamster'; Name = 'Janet'; Age = '2'; Type = 'mammal' },$petsArrayList.Add([PSCustomObject]@{ Species = 'hamster'; Name = 'Janet'; Age = '2'; Type = 'mammal' }) | Out-Null,hamster,Janet,2,mammal
$petsArray+= [PSCustomObject]@{ Species = 'dog'; Name = 'Einstein'; Age = '12'; Type = 'mammal' },$petsArrayList.Add([PSCustomObject]@{ Species = 'dog'; Name = 'Einstein'; Age = '12'; Type = 'mammal' }) | Out-Null,dog,Einstein,12,mammal
$petsArray+= [PSCustomObject]@{ Species = 'chinchilla'; Name = 'Timothy'; Age = '2'; Type = 'mammal' },$petsArrayList.Add([PSCustomObject]@{ Species = 'chinchilla'; Name = 'Timothy'; Age = '2'; Type = 'mammal' }) | Out-Null,chinchilla,Timothy,2,mammal
$petsArray+= [PSCustomObject]@{ Species = 'horse'; Name = 'Lucy'; Age = '13'; Type = 'mammal' },$petsArrayList.Add([PSCustomObject]@{ Species = 'horse'; Name = 'Lucy'; Age = '13'; Type = 'mammal' }) | Out-Null,horse,Lucy,13,mammal
$petsArray+= [PSCustomObject]@{ Species = 'cat'; Name = 'Hilli'; Age = '14'; Type = 'mammal' },$petsArrayList.Add([PSCustomObject]@{ Species = 'cat'; Name = 'Hilli'; Age = '14'; Type = 'mammal' }) | Out-Null,cat,Hilli,14,mammal
$petsArray+= [PSCustomObject]@{ Species = 'hamster'; Name = 'Daisy'; Age = '2'; Type = 'mammal' },$petsArrayList.Add([PSCustomObject]@{ Species = 'hamster'; Name = 'Daisy'; Age = '2'; Type = 'mammal' }) | Out-Null,hamster,Daisy,2,mammal
$petsArray+= [PSCustomObject]@{ Species = 'horse'; Name = 'Tigger'; Age = '7'; Type = 'mammal' },$petsArrayList.Add([PSCustomObject]@{ Species = 'horse'; Name = 'Tigger'; Age = '7'; Type = 'mammal' }) | Out-Null,horse,Tigger,7,mammal
$petsArray+= [PSCustomObject]@{ Species = 'dog'; Name = 'Jim'; Age = '2'; Type = 'mammal' },$petsArrayList.Add([PSCustomObject]@{ Species = 'dog'; Name = 'Jim'; Age = '2'; Type = 'mammal' }) | Out-Null,dog,Jim,2,mammal
$petsArray+= [PSCustomObject]@{ Species = 'cat'; Name = 'Lawrence'; Age = '5'; Type = 'mammal' },$petsArrayList.Add([PSCustomObject]@{ Species = 'cat'; Name = 'Lawrence'; Age = '5'; Type = 'mammal' }) | Out-Null,cat,Lawrence,5,mammal
$petsArray+= [PSCustomObject]@{ Species = 'gerbil'; Name = 'Gerald'; Age = '2'; Type = 'mammal' },$petsArrayList.Add([PSCustomObject]@{ Species = 'gerbil'; Name = 'Gerald'; Age = '2'; Type = 'mammal' }) | Out-Null,gerbil,Gerald,2,mammal
$petsArray+= [PSCustomObject]@{ Species = 'dog'; Name = 'Florence'; Age = '14'; Type = 'mammal' },$petsArrayList.Add([PSCustomObject]@{ Species = 'dog'; Name = 'Florence'; Age = '14'; Type = 'mammal' }) | Out-Null,dog,Florence,14,mammal
$petsArray+= [PSCustomObject]@{ Species = 'goldfish'; Name = 'Jaws II'; Age = '2'; Type = 'fish' },$petsArrayList.Add([PSCustomObject]@{ Species = 'goldfish'; Name = 'Jaws II'; Age = '2'; Type = 'fish' }) | Out-Null,goldfish,Jaws II,2,fish
$petsArray+= [PSCustomObject]@{ Species = 'cat'; Name = 'Willhelm'; Age = '16'; Type = 'mammal' },$petsArrayList.Add([PSCustomObject]@{ Species = 'cat'; Name = 'Willhelm'; Age = '16'; Type = 'mammal' }) | Out-Null,cat,Willhelm,16,mammal
$petsArray+= [PSCustomObject]@{ Species = 'horse'; Name = 'Bob'; Age = '19'; Type = 'mammal' },$petsArrayList.Add([PSCustomObject]@{ Species = 'horse'; Name = 'Bob'; Age = '19'; Type = 'mammal' }) | Out-Null,horse,Bob,19,mammal
$petsArray+= [PSCustomObject]@{ Species = 'donkey'; Name = 'Gordon'; Age = '13'; Type = 'mammal' },$petsArrayList.Add([PSCustomObject]@{ Species = 'donkey'; Name = 'Gordon'; Age = '13'; Type = 'mammal' }) | Out-Null,donkey,Gordon,13,mammal
$petsArray+= [PSCustomObject]@{ Species = 'pig'; Name = 'Henry'; Age = '4'; Type = 'mammal' },$petsArrayList.Add([PSCustomObject]@{ Species = 'pig'; Name = 'Henry'; Age = '4'; Type = 'mammal' }) | Out-Null,pig,Henry,4,mammal
$petsArray+= [PSCustomObject]@{ Species = 'otter'; Name = 'Bismarck'; Age = '4'; Type = 'mammal' },$petsArrayList.Add([PSCustomObject]@{ Species = 'otter'; Name = 'Bismarck'; Age = '4'; Type = 'mammal' }) | Out-Null,otter,Bismarck,4,mammal
$petsArray+= [PSCustomObject]@{ Species = 'rabbit'; Name = 'Harry'; Age = '1'; Type = 'mammal' },$petsArrayList.Add([PSCustomObject]@{ Species = 'rabbit'; Name = 'Harry'; Age = '1'; Type = 'mammal' }) | Out-Null,rabbit,Harry,1,mammal
$petsArray+= [PSCustomObject]@{ Species = 'cat'; Name = 'Dave'; Age = '1'; Type = 'mammal' },$petsArrayList.Add([PSCustomObject]@{ Species = 'cat'; Name = 'Dave'; Age = '1'; Type = 'mammal' }) | Out-Null,cat,Dave,1,mammal
$petsArray+= [PSCustomObject]@{ Species = 'badger'; Name = 'Barney'; Age = '3'; Type = 'mammal' },$petsArrayList.Add([PSCustomObject]@{ Species = 'badger'; Name = 'Barney'; Age = '3'; Type = 'mammal' }) | Out-Null,badger,Barney,3,mammal
$petsArray+= [PSCustomObject]@{ Species = 'rabbit'; Name = 'Roger'; Age = '3'; Type = 'mammal' },$petsArrayList.Add([PSCustomObject]@{ Species = 'rabbit'; Name = 'Roger'; Age = '3'; Type = 'mammal' }) | Out-Null,rabbit,Roger,3,mammal
$petsArray+= [PSCustomObject]@{ Species = 'dog'; Name = 'Sam'; Age = '4'; Type = 'mammal' },$petsArrayList.Add([PSCustomObject]@{ Species = 'dog'; Name = 'Sam'; Age = '4'; Type = 'mammal' }) | Out-Null,dog,Sam,4,mammal
$petsArray+= [PSCustomObject]@{ Species = 'dog'; Name = 'Brookie'; Age = '7'; Type = 'mammal' },$petsArrayList.Add([PSCustomObject]@{ Species = 'dog'; Name = 'Brookie'; Age = '7'; Type = 'mammal' }) | Out-Null,dog,Brookie,7,mammal
$petsArray+= [PSCustomObject]@{ Species = 'mole'; Name = 'Avogadro'; Age = '1'; Type = 'mammal' },$petsArrayList.Add([PSCustomObject]@{ Species = 'mole'; Name = 'Avogadro'; Age = '1'; Type = 'mammal' }) | Out-Null,mole,Avogadro,1,mammal
$petsArray+= [PSCustomObject]@{ Species = 'hamster'; Name = 'Herodotus'; Age = '1'; Type = 'mammal' },$petsArrayList.Add([PSCustomObject]@{ Species = 'hamster'; Name = 'Herodotus'; Age = '1'; Type = 'mammal' }) | Out-Null,hamster,Herodotus,1,mammal
$petsArray+= [PSCustomObject]@{ Species = 'tortoise'; Name = 'Socrates'; Age = '21'; Type = 'reptile' },$petsArrayList.Add([PSCustomObject]@{ Species = 'tortoise'; Name = 'Socrates'; Age = '21'; Type = 'reptile' }) | Out-Null,tortoise,Socrates,21,reptile
$petsArray+= [PSCustomObject]@{ Species = 'horse'; Name = 'Velazquez'; Age = '17'; Type = 'mammal' },$petsArrayList.Add([PSCustomObject]@{ Species = 'horse'; Name = 'Velazquez'; Age = '17'; Type = 'mammal' }) | Out-Null,horse,Velazquez,17,mammal
$petsArray+= [PSCustomObject]@{ Species = 'dog'; Name = 'Xerxes'; Age = '8'; Type = 'mammal' },$petsArrayList.Add([PSCustomObject]@{ Species = 'dog'; Name = 'Xerxes'; Age = '8'; Type = 'mammal' }) | Out-Null,dog,Xerxes,8,mammal
$petsArray+= [PSCustomObject]@{ Species = 'wookie'; Name = 'Chewie'; Age = '126'; Type = 'imaginary' },$petsArrayList.Add([PSCustomObject]@{ Species = 'wookie'; Name = 'Chewie'; Age = '126'; Type = 'imaginary' }) | Out-Null,wookie,Chewie,126,imaginary
$petsArray+= [PSCustomObject]@{ Species = 'Pony'; Name = 'Darius'; Age = '2'; Type = 'mammal' },$petsArrayList.Add([PSCustomObject]@{ Species = 'Pony'; Name = 'Darius'; Age = '2'; Type = 'mammal' }) | Out-Null,Pony,Darius,2,mammal
$petsArray+= [PSCustomObject]@{ Species = 'Rabbit'; Name = 'Fandango'; Age = '4'; Type = 'mammal' },$petsArrayList.Add([PSCustomObject]@{ Species = 'Rabbit'; Name = 'Fandango'; Age = '4'; Type = 'mammal' }) | Out-Null,Rabbit,Fandango,4,mammal
$petsArray+= [PSCustomObject]@{ Species = 'hamster'; Name = 'Peter'; Age = '2'; Type = 'mammal' },$petsArrayList.Add([PSCustomObject]@{ Species = 'hamster'; Name = 'Peter'; Age = '2'; Type = 'mammal' }) | Out-Null,hamster,Peter,2,mammal
$petsArray+= [PSCustomObject]@{ Species = 'elephant'; Name = 'Eratosthenes'; Age = '28'; Type = 'mammal' },$petsArrayList.Add([PSCustomObject]@{ Species = 'elephant'; Name = 'Eratosthenes'; Age = '28'; Type = 'mammal' }) | Out-Null,elephant,Eratosthenes,28,mammal
$petsArray+= [PSCustomObject]@{ Species = 'Ewok'; Name = 'Sam'; Age = '14'; Type = 'imaginary' },$petsArrayList.Add([PSCustomObject]@{ Species = 'Ewok'; Name = 'Sam'; Age = '14'; Type = 'imaginary' }) | Out-Null,Ewok,Sam,14,imaginary
$petsArray+= [PSCustomObject]@{ Species = 'tortoise'; Name = 'Jim'; Age = '2'; Type = 'reptile' },$petsArrayList.Add([PSCustomObject]@{ Species = 'tortoise'; Name = 'Jim'; Age = '2'; Type = 'reptile' }) | Out-Null,tortoise,Jim,2,reptile
$petsArray+= [PSCustomObject]@{ Species = 'dog'; Name = 'Duncan'; Age = '7'; Type = 'mammal' },$petsArrayList.Add([PSCustomObject]@{ Species = 'dog'; Name = 'Duncan'; Age = '7'; Type = 'mammal' }) | Out-Null,dog,Duncan,7,mammal
$petsArray+= [PSCustomObject]@{ Species = 'dog'; Name = 'Montgommery'; Age = '8'; Type = 'mammal' },$petsArrayList.Add([PSCustomObject]@{ Species = 'dog'; Name = 'Montgommery'; Age = '8'; Type = 'mammal' }) | Out-Null,dog,Montgommery,8,mammal
$petsArray+= [PSCustomObject]@{ Species = 'squirrel'; Name = 'stinky'; Age = '12'; Type = 'mammal' },$petsArrayList.Add([PSCustomObject]@{ Species = 'squirrel'; Name = 'stinky'; Age = '12'; Type = 'mammal' }) | Out-Null,squirrel,stinky,12,mammal
$petsArray+= [PSCustomObject]@{ Species = 'rabbit'; Name = 'Sam'; Age = '2'; Type = 'mammal' },$petsArrayList.Add([PSCustomObject]@{ Species = 'rabbit'; Name = 'Sam'; Age = '2'; Type = 'mammal' }) | Out-Null,rabbit,Sam,2,mammal
$petsArray+= [PSCustomObject]@{ Species = 'ferret'; Name = 'Ferrero'; Age = '4'; Type = 'mammal' },$petsArrayList.Add([PSCustomObject]@{ Species = 'ferret'; Name = 'Ferrero'; Age = '4'; Type = 'mammal' }) | Out-Null,ferret,Ferrero,4,mammal
$petsArray+= [PSCustomObject]@{ Species = 'hamster'; Name = 'Cheeky'; Age = '2'; Type = 'mammal' },$petsArrayList.Add([PSCustomObject]@{ Species = 'hamster'; Name = 'Cheeky'; Age = '2'; Type = 'mammal' }) | Out-Null,hamster,Cheeky,2,mammal
$petsArray+= [PSCustomObject]@{ Species = 'horse'; Name = 'Hermann'; Age = '12'; Type = 'mammal' },$petsArrayList.Add([PSCustomObject]@{ Species = 'horse'; Name = 'Hermann'; Age = '12'; Type = 'mammal' }) | Out-Null,horse,Hermann,12,mammal
$petsArray+= [PSCustomObject]@{ Species = 'rat'; Name = 'Rattus'; Age = '2'; Type = 'mammal' },$petsArrayList.Add([PSCustomObject]@{ Species = 'rat'; Name = 'Rattus'; Age = '2'; Type = 'mammal' }) | Out-Null,rat,Rattus,2,mammal
$petsArray+= [PSCustomObject]@{ Species = 'Squirrel'; Name = 'Squeaky'; Age = '3'; Type = 'mammal' },$petsArrayList.Add([PSCustomObject]@{ Species = 'Squirrel'; Name = 'Squeaky'; Age = '3'; Type = 'mammal' }) | Out-Null,Squirrel,Squeaky,3,mammal
$petsArray+= [PSCustomObject]@{ Species = 'alpaca'; Name = 'Alejandro'; Age = '14'; Type = 'mammal' },$petsArrayList.Add([PSCustomObject]@{ Species = 'alpaca'; Name = 'Alejandro'; Age = '14'; Type = 'mammal' }) | Out-Null,alpaca,Alejandro,14,mammal
$petsArray+= [PSCustomObject]@{ Species = 'tortoise'; Name = 'Dudley'; Age = '2'; Type = 'reptile' },$petsArrayList.Add([PSCustomObject]@{ Species = 'tortoise'; Name = 'Dudley'; Age = '2'; Type = 'reptile' }) | Out-Null,tortoise,Dudley,2,reptile
$petsArray+= [PSCustomObject]@{ Species = 'horse'; Name = 'Maxwell'; Age = '7'; Type = 'mammal' },$petsArrayList.Add([PSCustomObject]@{ Species = 'horse'; Name = 'Maxwell'; Age = '7'; Type = 'mammal' }) | Out-Null,horse,Maxwell,7,mammal
$petsArray+= [PSCustomObject]@{ Species = 'dog'; Name = 'Dilbert'; Age = '8'; Type = 'mammal' },$petsArrayList.Add([PSCustomObject]@{ Species = 'dog'; Name = 'Dilbert'; Age = '8'; Type = 'mammal' }) | Out-Null,dog,Dilbert,8,mammal
$petsArray+= [PSCustomObject]@{ Species = 'wookie'; Name = 'Caesar'; Age = '89'; Type = 'imaginary' },$petsArrayList.Add([PSCustomObject]@{ Species = 'wookie'; Name = 'Caesar'; Age = '89'; Type = 'imaginary' }) | Out-Null,wookie,Caesar,89,imaginary
$petsArray+= [PSCustomObject]@{ Species = 'Pony'; Name = 'Picasso'; Age = '2'; Type = 'mammal' },$petsArrayList.Add([PSCustomObject]@{ Species = 'Pony'; Name = 'Picasso'; Age = '2'; Type = 'mammal' }) | Out-Null,Pony,Picasso,2,mammal
$petsArray+= [PSCustomObject]@{ Species = 'ferret'; Name = 'Fandango'; Age = '7'; Type = 'mammal' },$petsArrayList.Add([PSCustomObject]@{ Species = 'ferret'; Name = 'Fandango'; Age = '7'; Type = 'mammal' }) | Out-Null,ferret,Fandango,7,mammal
$petsArray+= [PSCustomObject]@{ Species = 'dog'; Name = 'Balthazaar'; Age = '2'; Type = 'mammal' },$petsArrayList.Add([PSCustomObject]@{ Species = 'dog'; Name = 'Balthazaar'; Age = '2'; Type = 'mammal' }) | Out-Null,dog,Balthazaar,2,mammal
$petsArray+= [PSCustomObject]@{ Species = 'alpaca'; Name = 'Henry'; Age = '14'; Type = 'mammal' },$petsArrayList.Add([PSCustomObject]@{ Species = 'alpaca'; Name = 'Henry'; Age = '14'; Type = 'mammal' }) | Out-Null,alpaca,Henry,14,mammal
$petsArray+= [PSCustomObject]@{ Species = 'chinchilla'; Name = 'Henry'; Age = '2'; Type = 'mammal' },$petsArrayList.Add([PSCustomObject]@{ Species = 'chinchilla'; Name = 'Henry'; Age = '2'; Type = 'mammal' }) | Out-Null,chinchilla,Henry,2,mammal
$petsArray+= [PSCustomObject]@{ Species = 'pig'; Name = 'Terrence'; Age = '7'; Type = 'mammal' },$petsArrayList.Add([PSCustomObject]@{ Species = 'pig'; Name = 'Terrence'; Age = '7'; Type = 'mammal' }) | Out-Null,pig,Terrence,7,mammal
$petsArray+= [PSCustomObject]@{ Species = 'dog'; Name = 'Victoria'; Age = '8'; Type = 'mammal' },$petsArrayList.Add([PSCustomObject]@{ Species = 'dog'; Name = 'Victoria'; Age = '8'; Type = 'mammal' }) | Out-Null,dog,Victoria,8,mammal
$petsArray+= [PSCustomObject]@{ Species = 'wookie'; Name = 'Roger'; Age = '52'; Type = 'imaginary' },$petsArrayList.Add([PSCustomObject]@{ Species = 'wookie'; Name = 'Roger'; Age = '52'; Type = 'imaginary' }) | Out-Null,wookie,Roger,52,imaginary
$petsArray+= [PSCustomObject]@{ Species = 'badger'; Name = 'Barbarossa'; Age = '2'; Type = 'mammal' },$petsArrayList.Add([PSCustomObject]@{ Species = 'badger'; Name = 'Barbarossa'; Age = '2'; Type = 'mammal' }) | Out-Null,badger,Barbarossa,2,mammal
$petsArray+= [PSCustomObject]@{ Species = 'goat'; Name = 'Derek'; Age = '7'; Type = 'mammal' },$petsArrayList.Add([PSCustomObject]@{ Species = 'goat'; Name = 'Derek'; Age = '7'; Type = 'mammal' }) | Out-Null,goat,Derek,7,mammal
$petsArray+= [PSCustomObject]@{ Species = 'ferret'; Name = 'Cyrus'; Age = '2'; Type = 'mammal' },$petsArrayList.Add([PSCustomObject]@{ Species = 'ferret'; Name = 'Cyrus'; Age = '2'; Type = 'mammal' }) | Out-Null,ferret,Cyrus,2,mammal
$petsArray+= [PSCustomObject]@{ Species = 'dromedary'; Name = 'Democritus'; Age = '6'; Type = 'mammal' },$petsArrayList.Add([PSCustomObject]@{ Species = 'dromedary'; Name = 'Democritus'; Age = '6'; Type = 'mammal' }) | Out-Null,dromedary,Democritus,6,mammal
$petsArray+= [PSCustomObject]@{ Species = 'dog'; Name = 'Rodolfo'; Age = '14'; Type = 'mammal' },$petsArrayList.Add([PSCustomObject]@{ Species = 'dog'; Name = 'Rodolfo'; Age = '14'; Type = 'mammal' }) | Out-Null,dog,Rodolfo,14,mammal
$petsArray+= [PSCustomObject]@{ Species = 'donkey'; Name = 'Donkey'; Age = '12'; Type = 'mammal' },$petsArrayList.Add([PSCustomObject]@{ Species = 'donkey'; Name = 'Donkey'; Age = '12'; Type = 'mammal' }) | Out-Null,donkey,Donkey,12,mammal
$petsArray+= [PSCustomObject]@{ Species = 'cat'; Name = 'Jezzabelle'; Age = '12'; Type = 'mammal' },$petsArrayList.Add([PSCustomObject]@{ Species = 'cat'; Name = 'Jezzabelle'; Age = '12'; Type = 'mammal' }) | Out-Null,cat,Jezzabelle,12,mammal
$petsArray+= [PSCustomObject]@{ Species = 'cat'; Name = 'Kitty'; Age = '8'; Type = 'mammal' },$petsArrayList.Add([PSCustomObject]@{ Species = 'cat'; Name = 'Kitty'; Age = '8'; Type = 'mammal' }) | Out-Null,cat,Kitty,8,mammal
$petsArray+= [PSCustomObject]@{ Species = 'wookie'; Name = 'Chubster'; Age = '211'; Type = 'imaginary' },$petsArrayList.Add([PSCustomObject]@{ Species = 'wookie'; Name = 'Chubster'; Age = '211'; Type = 'imaginary' }) | Out-Null,wookie,Chubster,211,imaginary
$petsArray+= [PSCustomObject]@{ Species = 'chicken'; Name = 'Norman'; Age = '1'; Type = 'bird' },$petsArrayList.Add([PSCustomObject]@{ Species = 'chicken'; Name = 'Norman'; Age = '1'; Type = 'bird' }) | Out-Null,chicken,Norman,1,bird
$petsArray+= [PSCustomObject]@{ Species = 'badger'; Name = 'Franklin'; Age = '3'; Type = 'mammal' },$petsArrayList.Add([PSCustomObject]@{ Species = 'badger'; Name = 'Franklin'; Age = '3'; Type = 'mammal' }) | Out-Null,badger,Franklin,3,mammal
$petsArray+= [PSCustomObject]@{ Species = 'parrot'; Name = 'Daryl'; Age = '4'; Type = 'bird' },$petsArrayList.Add([PSCustomObject]@{ Species = 'parrot'; Name = 'Daryl'; Age = '4'; Type = 'bird' }) | Out-Null,parrot,Daryl,4,bird
$petsArray+= [PSCustomObject]@{ Species = 'newt'; Name = 'Bubbles'; Age = '3'; Type = 'amphibian' },$petsArrayList.Add([PSCustomObject]@{ Species = 'newt'; Name = 'Bubbles'; Age = '3'; Type = 'amphibian' }) | Out-Null,newt,Bubbles,3,amphibian
$petsArray+= [PSCustomObject]@{ Species = 'frog'; Name = 'Jiggles'; Age = '2'; Type = 'amphibian' },$petsArrayList.Add([PSCustomObject]@{ Species = 'frog'; Name = 'Jiggles'; Age = '2'; Type = 'amphibian' }) | Out-Null,frog,Jiggles,2,amphibian
$petsArray+= [PSCustomObject]@{ Species = 'viper'; Name = 'Petain'; Age = '4'; Type = 'reptile' },$petsArrayList.Add([PSCustomObject]@{ Species = 'viper'; Name = 'Petain'; Age = '4'; Type = 'reptile' }) | Out-Null,viper,Petain,4,reptile
$petsArray+= [PSCustomObject]@{ Species = 'viper'; Name = 'Darlan'; Age = '5'; Type = 'reptile' },$petsArrayList.Add([PSCustomObject]@{ Species = 'viper'; Name = 'Darlan'; Age = '5'; Type = 'reptile' }) | Out-Null,viper,Darlan,5,reptile
$petsArray+= [PSCustomObject]@{ Species = 'dolphin'; Name = 'Jellicoe'; Age = '7'; Type = 'mammal' },$petsArrayList.Add([PSCustomObject]@{ Species = 'dolphin'; Name = 'Jellicoe'; Age = '7'; Type = 'mammal' }) | Out-Null,dolphin,Jellicoe,7,mammal
$petsArray+= [PSCustomObject]@{ Species = 'duck'; Name = 'Donald'; Age = '2'; Type = 'bird' },$petsArrayList.Add([PSCustomObject]@{ Species = 'duck'; Name = 'Donald'; Age = '2'; Type = 'bird' }) | Out-Null,duck,Donald,2,bird
$petsArray+= [PSCustomObject]@{ Species = 'rabbit'; Name = 'Feynman'; Age = '2'; Type = 'mammal' },$petsArrayList.Add([PSCustomObject]@{ Species = 'rabbit'; Name = 'Feynman'; Age = '2'; Type = 'mammal' }) | Out-Null,rabbit,Feynman,2,mammal
$petsArray+= [PSCustomObject]@{ Species = 'rat'; Name = 'Joan'; Age = '2'; Type = 'mammal' },$petsArrayList.Add([PSCustomObject]@{ Species = 'rat'; Name = 'Joan'; Age = '2'; Type = 'mammal' }) | Out-Null,rat,Joan,2,mammal
$petsArray+= [PSCustomObject]@{ Species = 'gerbil'; Name = 'Knuth'; Age = '2'; Type = 'mammal' },$petsArrayList.Add([PSCustomObject]@{ Species = 'gerbil'; Name = 'Knuth'; Age = '2'; Type = 'mammal' }) | Out-Null,gerbil,Knuth,2,mammal
$petsArray+= [PSCustomObject]@{ Species = 'hamster'; Name = 'Geoff'; Age = '1'; Type = 'mammal' },$petsArrayList.Add([PSCustomObject]@{ Species = 'hamster'; Name = 'Geoff'; Age = '1'; Type = 'mammal' }) | Out-Null,hamster,Geoff,1,mammal
$petsArray+= [PSCustomObject]@{ Species = 'chinchilla'; Name = 'Watson'; Age = '2'; Type = 'mammal' },$petsArrayList.Add([PSCustomObject]@{ Species = 'chinchilla'; Name = 'Watson'; Age = '2'; Type = 'mammal' }) | Out-Null,chinchilla,Watson,2,mammal
$petsArray+= [PSCustomObject]@{ Species = 'goat'; Name = 'Crick'; Age = '5'; Type = 'mammal' },$petsArrayList.Add([PSCustomObject]@{ Species = 'goat'; Name = 'Crick'; Age = '5'; Type = 'mammal' }) | Out-Null,goat,Crick,5,mammal
$petsArray+= [PSCustomObject]@{ Species = 'goose'; Name = 'Turing'; Age = '4'; Type = 'bird' },$petsArrayList.Add([PSCustomObject]@{ Species = 'goose'; Name = 'Turing'; Age = '4'; Type = 'bird' }) | Out-Null,goose,Turing,4,bird
$petsArray+= [PSCustomObject]@{ Species = 'panda'; Name = 'Victoria'; Age = '8'; Type = 'mammal' },$petsArrayList.Add([PSCustomObject]@{ Species = 'panda'; Name = 'Victoria'; Age = '8'; Type = 'mammal' }) | Out-Null,panda,Victoria,8,mammal
$petsArray+= [PSCustomObject]@{ Species = 'goat'; Name = 'Nero'; Age = '7'; Type = 'mammal' },$petsArrayList.Add([PSCustomObject]@{ Species = 'goat'; Name = 'Nero'; Age = '7'; Type = 'mammal' }) | Out-Null,goat,Nero,7,mammal
$petsArray+= [PSCustomObject]@{ Species = 'pig'; Name = 'Patrick'; Age = '4'; Type = 'mammal' },$petsArrayList.Add([PSCustomObject]@{ Species = 'pig'; Name = 'Patrick'; Age = '4'; Type = 'mammal' }) | Out-Null,pig,Patrick,4,mammal
$petsArray+= [PSCustomObject]@{ Species = 'pig'; Name = 'Claudius'; Age = '5'; Type = 'mammal' },$petsArrayList.Add([PSCustomObject]@{ Species = 'pig'; Name = 'Claudius'; Age = '5'; Type = 'mammal' }) | Out-Null,pig,Claudius,5,mammal
$petsArray+= [PSCustomObject]@{ Species = 'chicken'; Name = 'Pompey'; Age = '2'; Type = 'bird' },$petsArrayList.Add([PSCustomObject]@{ Species = 'chicken'; Name = 'Pompey'; Age = '2'; Type = 'bird' }) | Out-Null,chicken,Pompey,2,bird
$petsArray+= [PSCustomObject]@{ Species = 'duck'; Name = 'Cicero'; Age = '4'; Type = 'bird' },$petsArrayList.Add([PSCustomObject]@{ Species = 'duck'; Name = 'Cicero'; Age = '4'; Type = 'bird' }) | Out-Null,duck,Cicero,4,bird
$petsArray+= [PSCustomObject]@{ Species = 'pangolin'; Name = 'Leonidis'; Age = '2'; Type = 'mammal' },$petsArrayList.Add([PSCustomObject]@{ Species = 'pangolin'; Name = 'Leonidis'; Age = '2'; Type = 'mammal' }) | Out-Null,pangolin,Leonidis,2,mammal
$petsArray+= [PSCustomObject]@{ Species = 'chicken'; Name = 'Planck'; Age = '3'; Type = 'bird' },$petsArrayList.Add([PSCustomObject]@{ Species = 'chicken'; Name = 'Planck'; Age = '3'; Type = 'bird' }) | Out-Null,chicken,Planck,3,bird
$petsArray+= [PSCustomObject]@{ Species = 'terrapin'; Name = 'Tammy'; Age = '5'; Type = 'reptile' },$petsArrayList.Add([PSCustomObject]@{ Species = 'terrapin'; Name = 'Tammy'; Age = '5'; Type = 'reptile' }) | Out-Null,terrapin,Tammy,5,reptile
$petsArray+= [PSCustomObject]@{ Species = 'dog'; Name = 'Digger'; Age = '9'; Type = 'mammal' },$petsArrayList.Add([PSCustomObject]@{ Species = 'dog'; Name = 'Digger'; Age = '9'; Type = 'mammal' }) | Out-Null,dog,Digger,9,mammal
$petsArray+= [PSCustomObject]@{ Species = 'hamster'; Name = 'Pythagoras'; Age = '2'; Type = 'mammal' },$petsArrayList.Add([PSCustomObject]@{ Species = 'hamster'; Name = 'Pythagoras'; Age = '2'; Type = 'mammal' }) | Out-Null,hamster,Pythagoras,2,mammal
$petsArray+= [PSCustomObject]@{ Species = 'terrapin'; Name = 'Ferdinand'; Age = '16'; Type = 'reptile' },$petsArrayList.Add([PSCustomObject]@{ Species = 'terrapin'; Name = 'Ferdinand'; Age = '16'; Type = 'reptile' }) | Out-Null,terrapin,Ferdinand,16,reptile
$petsArray+= [PSCustomObject]@{ Species = 'duck'; Name = 'Honey'; Age = '8'; Type = 'bird' },$petsArrayList.Add([PSCustomObject]@{ Species = 'duck'; Name = 'Honey'; Age = '8'; Type = 'bird' }) | Out-Null,duck,Honey,8,bird
$petsArray+= [PSCustomObject]@{ Species = 'duck'; Name = 'Dorothy'; Age = '6'; Type = 'bird' },$petsArrayList.Add([PSCustomObject]@{ Species = 'duck'; Name = 'Dorothy'; Age = '6'; Type = 'bird' }) | Out-Null,duck,Dorothy,6,bird
$petsArray+= [PSCustomObject]@{ Species = 'pony'; Name = 'Richard'; Age = '7'; Type = 'mammal' },$petsArrayList.Add([PSCustomObject]@{ Species = 'pony'; Name = 'Richard'; Age = '7'; Type = 'mammal' }) | Out-Null,pony,Richard,7,mammal
$petsArray+= [PSCustomObject]@{ Species = 'dog'; Name = 'Dostoyevsky'; Age = '12'; Type = 'mammal' },$petsArrayList.Add([PSCustomObject]@{ Species = 'dog'; Name = 'Dostoyevsky'; Age = '12'; Type = 'mammal' }) | Out-Null,dog,Dostoyevsky,12,mammal
$petsArray+= [PSCustomObject]@{ Species = 'cat'; Name = 'Zeno'; Age = '11'; Type = 'mammal' },$petsArrayList.Add([PSCustomObject]@{ Species = 'cat'; Name = 'Zeno'; Age = '11'; Type = 'mammal' }) | Out-Null,cat,Zeno,11,mammal
$petsArray+= [PSCustomObject]@{ Species = 'duck'; Name = 'Dawkins'; Age = '14'; Type = 'bird' },$petsArrayList.Add([PSCustomObject]@{ Species = 'duck'; Name = 'Dawkins'; Age = '14'; Type = 'bird' }) | Out-Null,duck,Dawkins,14,bird
$petsArray+= [PSCustomObject]@{ Species = 'pony'; Name = 'Newton'; Age = '13'; Type = 'mammal' },$petsArrayList.Add([PSCustomObject]@{ Species = 'pony'; Name = 'Newton'; Age = '13'; Type = 'mammal' }) | Out-Null,pony,Newton,13,mammal
$petsArray+= [PSCustomObject]@{ Species = 'frog'; Name = 'Troy'; Age = '3'; Type = 'amphibian' },$petsArrayList.Add([PSCustomObject]@{ Species = 'frog'; Name = 'Troy'; Age = '3'; Type = 'amphibian' }) | Out-Null,frog,Troy,3,amphibian
$petsArray+= [PSCustomObject]@{ Species = 'parrot'; Name = 'Charles'; Age = '9'; Type = 'bird' },$petsArrayList.Add([PSCustomObject]@{ Species = 'parrot'; Name = 'Charles'; Age = '9'; Type = 'bird' }) | Out-Null,parrot,Charles,9,bird
$petsArray+= [PSCustomObject]@{ Species = 'toad'; Name = 'Oliver'; Age = '4'; Type = 'amphibian' },$petsArrayList.Add([PSCustomObject]@{ Species = 'toad'; Name = 'Oliver'; Age = '4'; Type = 'amphibian' }) | Out-Null,toad,Oliver,4,amphibian
$petsArray+= [PSCustomObject]@{ Species = 'hamster'; Name = 'Euler'; Age = '2'; Type = 'mammal' },$petsArrayList.Add([PSCustomObject]@{ Species = 'hamster'; Name = 'Euler'; Age = '2'; Type = 'mammal' }) | Out-Null,hamster,Euler,2,mammal
$petsArray+= [PSCustomObject]@{ Species = 'parrot'; Name = 'Plato'; Age = '17'; Type = 'mammal' },$petsArrayList.Add([PSCustomObject]@{ Species = 'parrot'; Name = 'Plato'; Age = '17'; Type = 'mammal' }) | Out-Null,parrot,Plato,17,mammal
$petsArray+= [PSCustomObject]@{ Species = 'ewok'; Name = 'Pericles'; Age = '19'; Type = 'imaginary' },$petsArrayList.Add([PSCustomObject]@{ Species = 'ewok'; Name = 'Pericles'; Age = '19'; Type = 'imaginary' }) | Out-Null,ewok,Pericles,19,imaginary
$petsArray+= [PSCustomObject]@{ Species = 'ewok'; Name = 'Terrence'; Age = '12'; Type = 'imaginary' },$petsArrayList.Add([PSCustomObject]@{ Species = 'ewok'; Name = 'Terrence'; Age = '12'; Type = 'imaginary' }) | Out-Null,ewok,Terrence,12,imaginary
$petsArray+= [PSCustomObject]@{ Species = 'wookie'; Name = 'Themistocles'; Age = '98'; Type = 'imaginary' },$petsArrayList.Add([PSCustomObject]@{ Species = 'wookie'; Name = 'Themistocles'; Age = '98'; Type = 'imaginary' }) | Out-Null,wookie,Themistocles,98,imaginary
$petsArray+= [PSCustomObject]@{ Species = 'dog'; Name = 'Harpagus'; Age = '13'; Type = 'mammal' },$petsArrayList.Add([PSCustomObject]@{ Species = 'dog'; Name = 'Harpagus'; Age = '13'; Type = 'mammal' }) | Out-Null,dog,Harpagus,13,mammal
$petsArray+= [PSCustomObject]@{ Species = 'squirrel'; Name = 'Astiages'; Age = '4'; Type = 'mammal' },$petsArrayList.Add([PSCustomObject]@{ Species = 'squirrel'; Name = 'Astiages'; Age = '4'; Type = 'mammal' }) | Out-Null,squirrel,Astiages,4,mammal
$petsArray+= [PSCustomObject]@{ Species = 'toad'; Name = 'Tickle'; Age = '5'; Type = 'amphibian' },$petsArrayList.Add([PSCustomObject]@{ Species = 'toad'; Name = 'Tickle'; Age = '5'; Type = 'amphibian' }) | Out-Null,toad,Tickle,5,amphibian
$petsArray+= [PSCustomObject]@{ Species = 'toad'; Name = 'Tolstoy'; Age = '3'; Type = 'amphibian' },$petsArrayList.Add([PSCustomObject]@{ Species = 'toad'; Name = 'Tolstoy'; Age = '3'; Type = 'amphibian' }) | Out-Null,toad,Tolstoy,3,amphibian
$petsArray+= [PSCustomObject]@{ Species = 'frog'; Name = 'Claude'; Age = '4'; Type = 'amphibian' },$petsArrayList.Add([PSCustomObject]@{ Species = 'frog'; Name = 'Claude'; Age = '4'; Type = 'amphibian' }) | Out-Null,frog,Claude,4,amphibian
$petsArray+= [PSCustomObject]@{ Species = 'cockatoo'; Name = 'Tiberius'; Age = '21'; Type = 'bird' },$petsArrayList.Add([PSCustomObject]@{ Species = 'cockatoo'; Name = 'Tiberius'; Age = '21'; Type = 'bird' }) | Out-Null,cockatoo,Tiberius,21,bird
$petsArray+= [PSCustomObject]@{ Species = 'chicken'; Name = 'Virgil'; Age = '2'; Type = 'bird' },$petsArrayList.Add([PSCustomObject]@{ Species = 'chicken'; Name = 'Virgil'; Age = '2'; Type = 'bird' }) | Out-Null,chicken,Virgil,2,bird
$petsArray+= [PSCustomObject]@{ Species = 'badger'; Name = 'Homer'; Age = '3'; Type = 'mammal' },$petsArrayList.Add([PSCustomObject]@{ Species = 'badger'; Name = 'Homer'; Age = '3'; Type = 'mammal' }) | Out-Null,badger,Homer,3,mammal
$petsArray+= [PSCustomObject]@{ Species = 'ferret'; Name = 'Archimedes'; Age = '4'; Type = 'mammal' },$petsArrayList.Add([PSCustomObject]@{ Species = 'ferret'; Name = 'Archimedes'; Age = '4'; Type = 'mammal' }) | Out-Null,ferret,Archimedes,4,mammal
$petsArray+= [PSCustomObject]@{ Species = 'turtle'; Name = 'Tipple'; Age = '23'; Type = 'reptile' },$petsArrayList.Add([PSCustomObject]@{ Species = 'turtle'; Name = 'Tipple'; Age = '23'; Type = 'reptile' }) | Out-Null,turtle,Tipple,23,reptile
$petsArray+= [PSCustomObject]@{ Species = 'turtle'; Name = 'Tickle'; Age = '21'; Type = 'reptile' },$petsArrayList.Add([PSCustomObject]@{ Species = 'turtle'; Name = 'Tickle'; Age = '21'; Type = 'reptile' }) | Out-Null,turtle,Tickle,21,reptile
$petsArray+= [PSCustomObject]@{ Species = 'frog'; Name = 'Homer'; Age = '3'; Type = 'amphibian' },$petsArrayList.Add([PSCustomObject]@{ Species = 'frog'; Name = 'Homer'; Age = '3'; Type = 'amphibian' }) | Out-Null,frog,Homer,3,amphibian
$petsArray+= [PSCustomObject]@{ Species = 'goose'; Name = 'Gauss'; Age = '6'; Type = 'bird' },$petsArrayList.Add([PSCustomObject]@{ Species = 'goose'; Name = 'Gauss'; Age = '6'; Type = 'bird' }) | Out-Null,goose,Gauss,6,bird
$petsArray+= [PSCustomObject]@{ Species = 'goldfish'; Name = 'Jawws III'; Age = '3'; Type = 'fish' },$petsArrayList.Add([PSCustomObject]@{ Species = 'goldfish'; Name = 'Jawws III'; Age = '3'; Type = 'fish' }) | Out-Null,goldfish,Jawws III,3,fish
$petsArray+= [PSCustomObject]@{ Species = 'parrot'; Name = 'Leibniz'; Age = '17'; Type = 'bird' },$petsArrayList.Add([PSCustomObject]@{ Species = 'parrot'; Name = 'Leibniz'; Age = '17'; Type = 'bird' }) | Out-Null,parrot,Leibniz,17,bird
$petsArray+= [PSCustomObject]@{ Species = 'terrapin'; Name = 'Alan'; Age = '15'; Type = 'mammal' },$petsArrayList.Add([PSCustomObject]@{ Species = 'terrapin'; Name = 'Alan'; Age = '15'; Type = 'mammal' }) | Out-Null,terrapin,Alan,15,mammal
$petsArray+= [PSCustomObject]@{ Species = 'panda'; Name = 'Claude'; Age = '12'; Type = 'mammal' },$petsArrayList.Add([PSCustomObject]@{ Species = 'panda'; Name = 'Claude'; Age = '12'; Type = 'mammal' }) | Out-Null,panda,Claude,12,mammal
$petsArray+= [PSCustomObject]@{ Species = 'sheep'; Name = 'Henckel'; Age = '4'; Type = 'mammal' },$petsArrayList.Add([PSCustomObject]@{ Species = 'sheep'; Name = 'Henckel'; Age = '4'; Type = 'mammal' }) | Out-Null,sheep,Henckel,4,mammal
$petsArray+= [PSCustomObject]@{ Species = 'weasel'; Name = 'Eric'; Age = '2'; Type = 'mammal' },$petsArrayList.Add([PSCustomObject]@{ Species = 'weasel'; Name = 'Eric'; Age = '2'; Type = 'mammal' }) | Out-Null,weasel,Eric,2,mammal
$petsArray+= [PSCustomObject]@{ Species = 'chipmunk'; Name = 'Tolstoy'; Age = '2'; Type = 'mammal' },$petsArrayList.Add([PSCustomObject]@{ Species = 'chipmunk'; Name = 'Tolstoy'; Age = '2'; Type = 'mammal' }) | Out-Null,chipmunk,Tolstoy,2,mammal
$petsArray+= [PSCustomObject]@{ Species = 'cat'; Name = 'Shroedinger'; Age = '12'; Type = 'mammal' },$petsArrayList.Add([PSCustomObject]@{ Species = 'cat'; Name = 'Shroedinger'; Age = '12'; Type = 'mammal' }) | Out-Null,cat,Shroedinger,12,mammal
$petsArray+= [PSCustomObject]@{ Species = 'sheep'; Name = 'Dolly'; Age = '4'; Type = 'mammal' },$petsArrayList.Add([PSCustomObject]@{ Species = 'sheep'; Name = 'Dolly'; Age = '4'; Type = 'mammal' }) | Out-Null,sheep,Dolly,4,mammal
$petsArray+= [PSCustomObject]@{ Species = 'monkey'; Name = 'Naruto'; Age = '2'; Type = 'mammal' },$petsArrayList.Add([PSCustomObject]@{ Species = 'monkey'; Name = 'Naruto'; Age = '2'; Type = 'mammal' }) | Out-Null,monkey,Naruto,2,mammal
$petsArray+= [PSCustomObject]@{ Species = 'rhino'; Name = 'Sudan'; Age = '22'; Type = 'mammal' },$petsArrayList.Add([PSCustomObject]@{ Species = 'rhino'; Name = 'Sudan'; Age = '22'; Type = 'mammal' }) | Out-Null,rhino,Sudan,22,mammal
$petsArray+= [PSCustomObject]@{ Species = 'dog'; Name = 'Diesel'; Age = '7'; Type = 'mammal' },$petsArrayList.Add([PSCustomObject]@{ Species = 'dog'; Name = 'Diesel'; Age = '7'; Type = 'mammal' }) | Out-Null,dog,Diesel,7,mammal
$petsArray+= [PSCustomObject]@{ Species = 'dugong'; Name = 'Dirac'; Age = '8'; Type = 'mammal' },$petsArrayList.Add([PSCustomObject]@{ Species = 'dugong'; Name = 'Dirac'; Age = '8'; Type = 'mammal' }) | Out-Null,dugong,Dirac,8,mammal
$petsArray+= [PSCustomObject]@{ Species = 'ferret'; Name = 'Feynman'; Age = '3'; Type = 'mammal' },$petsArrayList.Add([PSCustomObject]@{ Species = 'ferret'; Name = 'Feynman'; Age = '3'; Type = 'mammal' }) | Out-Null,ferret,Feynman,3,mammal
$petsArray+= [PSCustomObject]@{ Species = 'newt'; Name = 'Newton'; Age = '9'; Type = 'amphibian' },$petsArrayList.Add([PSCustomObject]@{ Species = 'newt'; Name = 'Newton'; Age = '9'; Type = 'amphibian' }) | Out-Null,newt,Newton,9,amphibian
$petsArray+= [PSCustomObject]@{ Species = 'ewe'; Name = 'Euclid'; Age = '7'; Type = 'mammal' },$petsArrayList.Add([PSCustomObject]@{ Species = 'ewe'; Name = 'Euclid'; Age = '7'; Type = 'mammal' }) | Out-Null,ewe,Euclid,7,mammal
$petsArray+= [PSCustomObject]@{ Species = 'rabbit'; Name = 'Reimann'; Age = '2'; Type = 'mammal' },$petsArrayList.Add([PSCustomObject]@{ Species = 'rabbit'; Name = 'Reimann'; Age = '2'; Type = 'mammal' }) | Out-Null,rabbit,Reimann,2,mammal
$petsArray+= [PSCustomObject]@{ Species = 'hedgehog'; Name = 'Hardy'; Age = '2'; Type = 'mammal' },$petsArrayList.Add([PSCustomObject]@{ Species = 'hedgehog'; Name = 'Hardy'; Age = '2'; Type = 'mammal' }) | Out-Null,hedgehog,Hardy,2,mammal
$petsArray+= [PSCustomObject]@{ Species = 'red squirrel'; Name = 'Stalin'; Age = '3'; Type = 'mammal' },$petsArrayList.Add([PSCustomObject]@{ Species = 'red squirrel'; Name = 'Stalin'; Age = '3'; Type = 'mammal' }) | Out-Null,red squirrel,Stalin,3,mammal
$petsArray+= [PSCustomObject]@{ Species = 'coelocanth'; Name = 'Darwin'; Age = '2'; Type = 'fish' },$petsArrayList.Add([PSCustomObject]@{ Species = 'coelocanth'; Name = 'Darwin'; Age = '2'; Type = 'fish' }) | Out-Null,coelocanth,Darwin,2,fish
$petsArray+= [PSCustomObject]@{ Species = 'red kite'; Name = 'Marx'; Age = '2'; Type = 'bird' },$petsArrayList.Add([PSCustomObject]@{ Species = 'red kite'; Name = 'Marx'; Age = '2'; Type = 'bird' }) | Out-Null,red kite,Marx,2,bird
$petsArray+= [PSCustomObject]@{ Species = 'red squirrel'; Name = 'Lenin'; Age = '2'; Type = 'mammal' },$petsArrayList.Add([PSCustomObject]@{ Species = 'red squirrel'; Name = 'Lenin'; Age = '2'; Type = 'mammal' }) | Out-Null,red squirrel,Lenin,2,mammal
$petsArray+= [PSCustomObject]@{ Species = 'red panda'; Name = 'Molotov'; Age = '5'; Type = 'mammal' },$petsArrayList.Add([PSCustomObject]@{ Species = 'red panda'; Name = 'Molotov'; Age = '5'; Type = 'mammal' }) | Out-Null,red panda,Molotov,5,mammal
$petsArray+= [PSCustomObject]@{ Species = 'ferret'; Name = 'Fermat'; Age = '2'; Type = 'mammal' },$petsArrayList.Add([PSCustomObject]@{ Species = 'ferret'; Name = 'Fermat'; Age = '2'; Type = 'mammal' }) | Out-Null,ferret,Fermat,2,mammal
$petsArray+= [PSCustomObject]@{ Species = 'panda'; Name = 'Pascal'; Age = '5'; Type = 'mammal' },$petsArrayList.Add([PSCustomObject]@{ Species = 'panda'; Name = 'Pascal'; Age = '5'; Type = 'mammal' }) | Out-Null,panda,Pascal,5,mammal
$petsArray+= [PSCustomObject]@{ Species = 'newt'; Name = 'frank'; Age = '2'; Type = 'mammal' },$petsArrayList.Add([PSCustomObject]@{ Species = 'newt'; Name = 'frank'; Age = '2'; Type = 'mammal' }) | Out-Null,newt,frank,2,mammal
$petsArray+= [PSCustomObject]@{ Species = 'deer'; Name = 'Descartes'; Age = '4'; Type = 'mammal' },$petsArrayList.Add([PSCustomObject]@{ Species = 'deer'; Name = 'Descartes'; Age = '4'; Type = 'mammal' }) | Out-Null,deer,Descartes,4,mammal
$petsArray+= [PSCustomObject]@{ Species = 'red kite'; Name = 'Engels'; Age = '3'; Type = 'bird' },$petsArrayList.Add([PSCustomObject]@{ Species = 'red kite'; Name = 'Engels'; Age = '3'; Type = 'bird' }) | Out-Null,red kite,Engels,3,bird
$petsArray+= [PSCustomObject]@{ Species = 'mouse'; Name = 'Michael'; Age = '2'; Type = 'mammal' },$petsArrayList.Add([PSCustomObject]@{ Species = 'mouse'; Name = 'Michael'; Age = '2'; Type = 'mammal' }) | Out-Null,mouse,Michael,2,mammal
$petsArray+= [PSCustomObject]@{ Species = 'llama'; Name = 'Lavoisiere'; Age = '1'; Type = 'mammal' },$petsArrayList.Add([PSCustomObject]@{ Species = 'llama'; Name = 'Lavoisiere'; Age = '1'; Type = 'mammal' }) | Out-Null,llama,Lavoisiere,1,mammal
$petsArray+= [PSCustomObject]@{ Species = 'mink'; Name = 'Mendeleev'; Age = '2'; Type = 'mammal' },$petsArrayList.Add([PSCustomObject]@{ Species = 'mink'; Name = 'Mendeleev'; Age = '2'; Type = 'mammal' }) | Out-Null,mink,Mendeleev,2,mammal
$petsArray+= [PSCustomObject]@{ Species = 'opossum'; Name = 'Oppenheimer'; Age = '2'; Type = 'mammal' },$petsArrayList.Add([PSCustomObject]@{ Species = 'opossum'; Name = 'Oppenheimer'; Age = '2'; Type = 'mammal' }) | Out-Null,opossum,Oppenheimer,2,mammal
$petsArray+= [PSCustomObject]@{ Species = 'owl'; Name = 'Wisdom'; Age = '6'; Type = 'bird' },$petsArrayList.Add([PSCustomObject]@{ Species = 'owl'; Name = 'Wisdom'; Age = '6'; Type = 'bird' }) | Out-Null,owl,Wisdom,6,bird
$petsArray+= [PSCustomObject]@{ Species = 'hamster'; Name = 'Hadrian'; Age = '2'; Type = 'mammal' },$petsArrayList.Add([PSCustomObject]@{ Species = 'hamster'; Name = 'Hadrian'; Age = '2'; Type = 'mammal' }) | Out-Null,hamster,Hadrian,2,mammal
$petsArray+= [PSCustomObject]@{ Species = 'axolotl'; Name = 'Aidrian'; Age = '3'; Type = 'amphibian' },$petsArrayList.Add([PSCustomObject]@{ Species = 'axolotl'; Name = 'Aidrian'; Age = '3'; Type = 'amphibian' }) | Out-Null,axolotl,Aidrian,3,amphibian
$petsArray+= [PSCustomObject]@{ Species = 'kodkod'; Name = 'Konrad'; Age = '5'; Type = 'mammal' },$petsArrayList.Add([PSCustomObject]@{ Species = 'kodkod'; Name = 'Konrad'; Age = '5'; Type = 'mammal' }) | Out-Null,kodkod,Konrad,5,mammal
$petsArray+= [PSCustomObject]@{ Species = 'axolotl'; Name = 'Thucydides'; Age = '2'; Type = 'amphibian' },$petsArrayList.Add([PSCustomObject]@{ Species = 'axolotl'; Name = 'Thucydides'; Age = '2'; Type = 'amphibian' }) | Out-Null,axolotl,Thucydides,2,amphibian
$petsArray+= [PSCustomObject]@{ Species = 'capibara'; Name = 'Jim'; Age = '8'; Type = 'mammal' },$petsArrayList.Add([PSCustomObject]@{ Species = 'capibara'; Name = 'Jim'; Age = '8'; Type = 'mammal' }) | Out-Null,capibara,Jim,8,mammal
$petsArray+= [PSCustomObject]@{ Species = 'horned dragon'; Name = 'Herodotus'; Age = '2'; Type = 'reptile' },$petsArrayList.Add([PSCustomObject]@{ Species = 'horned dragon'; Name = 'Herodotus'; Age = '2'; Type = 'reptile' }) | Out-Null,horned dragon,Herodotus,2,reptile
$petsArray+= [PSCustomObject]@{ Species = 'horned dragon'; Name = 'Mephistopheles'; Age = '2'; Type = 'reptile' },$petsArrayList.Add([PSCustomObject]@{ Species = 'horned dragon'; Name = 'Mephistopheles'; Age = '2'; Type = 'reptile' }) | Out-Null,horned dragon,Mephistopheles,2,reptile
$petsArray+= [PSCustomObject]@{ Species = 'marmot'; Name = 'Scooby-Doo'; Age = '2'; Type = 'mammal' },$petsArrayList.Add([PSCustomObject]@{ Species = 'marmot'; Name = 'Scooby-Doo'; Age = '2'; Type = 'mammal' }) | Out-Null,marmot,Scooby-Doo,2,mammal
$petsArray+= [PSCustomObject]@{ Species = 'hawk'; Name = 'Hawking'; Age = '4'; Type = 'bird' },$petsArrayList.Add([PSCustomObject]@{ Species = 'hawk'; Name = 'Hawking'; Age = '4'; Type = 'bird' }) | Out-Null,hawk,Hawking,4,bird
$petsArray+= [PSCustomObject]@{ Species = 'clownfish'; Name = 'Boris'; Age = '56'; Type = 'fish' },$petsArrayList.Add([PSCustomObject]@{ Species = 'clownfish'; Name = 'Boris'; Age = '56'; Type = 'fish' }) | Out-Null,clownfish,Boris,56,fish
$petsArray+= [PSCustomObject]@{ Species = 'bearded dragon'; Name = 'Kesselring'; Age = '2'; Type = 'reptile' },$petsArrayList.Add([PSCustomObject]@{ Species = 'bearded dragon'; Name = 'Kesselring'; Age = '2'; Type = 'reptile' }) | Out-Null,bearded dragon,Kesselring,2,reptile
$petsArray+= [PSCustomObject]@{ Species = 'racoon'; Name = 'Michaelangelo'; Age = '2'; Type = 'mammal' },$petsArrayList.Add([PSCustomObject]@{ Species = 'racoon'; Name = 'Michaelangelo'; Age = '2'; Type = 'mammal' }) | Out-Null,racoon,Michaelangelo,2,mammal
$petsArray+= [PSCustomObject]@{ Species = 'dog'; Name = 'Dobzhansky'; Age = '12'; Type = 'mammal' },$petsArrayList.Add([PSCustomObject]@{ Species = 'dog'; Name = 'Dobzhansky'; Age = '12'; Type = 'mammal' }) | Out-Null,dog,Dobzhansky,12,mammal
$petsArray+= [PSCustomObject]@{ Species = 'dog'; Name = 'Debussy'; Age = '14'; Type = 'mammal' },$petsArrayList.Add([PSCustomObject]@{ Species = 'dog'; Name = 'Debussy'; Age = '14'; Type = 'mammal' }) | Out-Null,dog,Debussy,14,mammal
$petsArray+= [PSCustomObject]@{ Species = 'parrot'; Name = 'Chomsky'; Age = '17'; Type = 'bird' },$petsArrayList.Add([PSCustomObject]@{ Species = 'parrot'; Name = 'Chomsky'; Age = '17'; Type = 'bird' }) | Out-Null,parrot,Chomsky,17,bird
$petsArray+= [PSCustomObject]@{ Species = 'adder'; Name = 'Newton'; Age = '2'; Type = 'reptile' },$petsArrayList.Add([PSCustomObject]@{ Species = 'adder'; Name = 'Newton'; Age = '2'; Type = 'reptile' }) | Out-Null,adder,Newton,2,reptile
$petsArray+= [PSCustomObject]@{ Species = 'dog'; Name = 'Pavlov'; Age = '12'; Type = 'mammal' },$petsArrayList.Add([PSCustomObject]@{ Species = 'dog'; Name = 'Pavlov'; Age = '12'; Type = 'mammal' }) | Out-Null,dog,Pavlov,12,mammal
$petsArray+= [PSCustomObject]@{ Species = 'puff adder'; Name = 'Pdiddy'; Age = '4'; Type = 'reptile' },$petsArrayList.Add([PSCustomObject]@{ Species = 'puff adder'; Name = 'Pdiddy'; Age = '4'; Type = 'reptile' }) | Out-Null,puff adder,Pdiddy,4,reptile
$petsArray+= [PSCustomObject]@{ Species = 'python'; Name = 'Monty'; Age = '6'; Type = 'reptile' },$petsArrayList.Add([PSCustomObject]@{ Species = 'python'; Name = 'Monty'; Age = '6'; Type = 'reptile' }) | Out-Null,python,Monty,6,reptile
$petsArray+= [PSCustomObject]@{ Species = 'boa constrictor'; Name = 'Conrad'; Age = '2'; Type = 'reptile' },$petsArrayList.Add([PSCustomObject]@{ Species = 'boa constrictor'; Name = 'Conrad'; Age = '2'; Type = 'reptile' }) | Out-Null,boa constrictor,Conrad,2,reptile
$petsArray+= [PSCustomObject]@{ Species = 'python'; Name = 'Francesca'; Age = '2'; Type = 'reptile' },$petsArrayList.Add([PSCustomObject]@{ Species = 'python'; Name = 'Francesca'; Age = '2'; Type = 'reptile' }) | Out-Null,python,Francesca,2,reptile
$petsArray+= [PSCustomObject]@{ Species = 'penguin'; Name = 'Penrose'; Age = '3'; Type = 'mammal' },$petsArrayList.Add([PSCustomObject]@{ Species = 'penguin'; Name = 'Penrose'; Age = '3'; Type = 'mammal' }) | Out-Null,penguin,Penrose,3,mammal
$petsArray+= [PSCustomObject]@{ Species = 'penguin'; Name = 'Penfold'; Age = '5'; Type = 'mammal' },$petsArrayList.Add([PSCustomObject]@{ Species = 'penguin'; Name = 'Penfold'; Age = '5'; Type = 'mammal' }) | Out-Null,penguin,Penfold,5,mammal
$petsArray+= [PSCustomObject]@{ Species = 'penguin'; Name = 'Pingu'; Age = '2'; Type = 'mammal' },$petsArrayList.Add([PSCustomObject]@{ Species = 'penguin'; Name = 'Pingu'; Age = '2'; Type = 'mammal' }) | Out-Null,penguin,Pingu,2,mammal
$petsArray+= [PSCustomObject]@{ Species = 'bearded dragon'; Name = 'Beardie'; Age = '2'; Type = 'reptile' },$petsArrayList.Add([PSCustomObject]@{ Species = 'bearded dragon'; Name = 'Beardie'; Age = '2'; Type = 'reptile' }) | Out-Null,bearded dragon,Beardie,2,reptile
$petsArray+= [PSCustomObject]@{ Species = 'salamander'; Name = 'Sal'; Age = '2'; Type = 'amphibian' },$petsArrayList.Add([PSCustomObject]@{ Species = 'salamander'; Name = 'Sal'; Age = '2'; Type = 'amphibian' }) | Out-Null,salamander,Sal,2,amphibian
$petsArray+= [PSCustomObject]@{ Species = 'salamander'; Name = 'Salvador'; Age = '17'; Type = 'amphibian' },$petsArrayList.Add([PSCustomObject]@{ Species = 'salamander'; Name = 'Salvador'; Age = '17'; Type = 'amphibian' }) | Out-Null,salamander,Salvador,17,amphibian
$petsArray+= [PSCustomObject]@{ Species = 'salamander'; Name = 'Salvatore'; Age = '8'; Type = 'amphibian' },$petsArrayList.Add([PSCustomObject]@{ Species = 'salamander'; Name = 'Salvatore'; Age = '8'; Type = 'amphibian' }) | Out-Null,salamander,Salvatore,8,amphibian
$petsArray+= [PSCustomObject]@{ Species = 'salamander'; Name = 'Salvadore'; Age = '4'; Type = 'amphibian' },$petsArrayList.Add([PSCustomObject]@{ Species = 'salamander'; Name = 'Salvadore'; Age = '4'; Type = 'amphibian' }) | Out-Null,salamander,Salvadore,4,amphibian
$petsArray+= [PSCustomObject]@{ Species = 'salamander'; Name = 'Patricia'; Age = '9'; Type = 'amphibian' },$petsArrayList.Add([PSCustomObject]@{ Species = 'salamander'; Name = 'Patricia'; Age = '9'; Type = 'amphibian' }) | Out-Null,salamander,Patricia,9,amphibian
$petsArray+= [PSCustomObject]@{ Species = 'salamander'; Name = 'Patrick'; Age = '8'; Type = 'amphibian' },$petsArrayList.Add([PSCustomObject]@{ Species = 'salamander'; Name = 'Patrick'; Age = '8'; Type = 'amphibian' }) | Out-Null,salamander,Patrick,8,amphibian
$petsArray+= [PSCustomObject]@{ Species = 'capibara'; Name = 'Rufus'; Age = '3'; Type = 'mammal' },$petsArrayList.Add([PSCustomObject]@{ Species = 'capibara'; Name = 'Rufus'; Age = '3'; Type = 'mammal' }) | Out-Null,capibara,Rufus,3,mammal
$petsArray+= [PSCustomObject]@{ Species = 'arabian cobra'; Name = 'Lawrence'; Age = '5'; Type = 'reptile' },$petsArrayList.Add([PSCustomObject]@{ Species = 'arabian cobra'; Name = 'Lawrence'; Age = '5'; Type = 'reptile' }) | Out-Null,arabian cobra,Lawrence,5,reptile
$petsArray+= [PSCustomObject]@{ Species = 'condor'; Name = 'Andy'; Age = '9'; Type = 'bird' },$petsArrayList.Add([PSCustomObject]@{ Species = 'condor'; Name = 'Andy'; Age = '9'; Type = 'bird' }) | Out-Null,condor,Andy,9,bird
$petsArray+= [PSCustomObject]@{ Species = 'rabbit'; Name = 'Hopper'; Age = '5'; Type = 'mammal' },$petsArrayList.Add([PSCustomObject]@{ Species = 'rabbit'; Name = 'Hopper'; Age = '5'; Type = 'mammal' }) | Out-Null,rabbit,Hopper,5,mammal
$petsArray+= [PSCustomObject]@{ Species = 'gnu'; Name = 'Knuth'; Age = '6'; Type = 'mammal' },$petsArrayList.Add([PSCustomObject]@{ Species = 'gnu'; Name = 'Knuth'; Age = '6'; Type = 'mammal' }) | Out-Null,gnu,Knuth,6,mammal
$petsArray+= [PSCustomObject]@{ Species = 'owl'; Name = 'Turing'; Age = '9'; Type = 'bird' },$petsArrayList.Add([PSCustomObject]@{ Species = 'owl'; Name = 'Turing'; Age = '9'; Type = 'bird' }) | Out-Null,owl,Turing,9,bird
$petsArray+= [PSCustomObject]@{ Species = 'turtle'; Name = 'Turing'; Age = '34'; Type = 'reptile' },$petsArrayList.Add([PSCustomObject]@{ Species = 'turtle'; Name = 'Turing'; Age = '34'; Type = 'reptile' }) | Out-Null,turtle,Turing,34,reptile
$petsArray+= [PSCustomObject]@{ Species = 'rat'; Name = 'Ritchie'; Age = '1'; Type = 'mammal' },$petsArrayList.Add([PSCustomObject]@{ Species = 'rat'; Name = 'Ritchie'; Age = '1'; Type = 'mammal' }) | Out-Null,rat,Ritchie,1,mammal
$petsArray+= [PSCustomObject]@{ Species = 'badger'; Name = 'Bentley'; Age = '8'; Type = 'mammal' },$petsArrayList.Add([PSCustomObject]@{ Species = 'badger'; Name = 'Bentley'; Age = '8'; Type = 'mammal' }) | Out-Null,badger,Bentley,8,mammal
$petsArray+= [PSCustomObject]@{ Species = 'chipmunk'; Name = 'Thompson'; Age = '7'; Type = 'mammal' },$petsArrayList.Add([PSCustomObject]@{ Species = 'chipmunk'; Name = 'Thompson'; Age = '7'; Type = 'mammal' }) | Out-Null,chipmunk,Thompson,7,mammal
$petsArray+= [PSCustomObject]@{ Species = 'kangaroo'; Name = 'Kernighan'; Age = '6'; Type = 'mammal' },$petsArrayList.Add([PSCustomObject]@{ Species = 'kangaroo'; Name = 'Kernighan'; Age = '6'; Type = 'mammal' }) | Out-Null,kangaroo,Kernighan,6,mammal
$petsArray+= [PSCustomObject]@{ Species = 'ocelot'; Name = 'Stoustroup'; Age = '4'; Type = 'mammal' },$petsArrayList.Add([PSCustomObject]@{ Species = 'ocelot'; Name = 'Stoustroup'; Age = '4'; Type = 'mammal' }) | Out-Null,ocelot,Stoustroup,4,mammal
$petsArray+= [PSCustomObject]@{ Species = 'sloth'; Name = 'Dijkstra'; Age = '14'; Type = 'mammal' },$petsArrayList.Add([PSCustomObject]@{ Species = 'sloth'; Name = 'Dijkstra'; Age = '14'; Type = 'mammal' }) | Out-Null,sloth,Dijkstra,14,mammal
$petsArray+= [PSCustomObject]@{ Species = 'dromedary'; Name = 'Hopper'; Age = '4'; Type = 'mammal' },$petsArrayList.Add([PSCustomObject]@{ Species = 'dromedary'; Name = 'Hopper'; Age = '4'; Type = 'mammal' }) | Out-Null,dromedary,Hopper,4,mammal
$petsArray+= [PSCustomObject]@{ Species = 'capibara'; Name = 'Knuth'; Age = '9'; Type = 'mammal' },$petsArrayList.Add([PSCustomObject]@{ Species = 'capibara'; Name = 'Knuth'; Age = '9'; Type = 'mammal' }) | Out-Null,capibara,Knuth,9,mammal
$petsArray+= [PSCustomObject]@{ Species = 'dog'; Name = 'Snover'; Age = '11'; Type = 'mammal' },$petsArrayList.Add([PSCustomObject]@{ Species = 'dog'; Name = 'Snover'; Age = '11'; Type = 'mammal' }) | Out-Null,dog,Snover,11,mammal
$petsArray+= [PSCustomObject]@{ Species = 'alpaca'; Name = 'Turing'; Age = '5'; Type = 'mammal' },$petsArrayList.Add([PSCustomObject]@{ Species = 'alpaca'; Name = 'Turing'; Age = '5'; Type = 'mammal' }) | Out-Null,alpaca,Turing,5,mammal
$petsArray+= [PSCustomObject]@{ Species = 'pigeon'; Name = 'vonNeumann'; Age = '6'; Type = 'bird' },$petsArrayList.Add([PSCustomObject]@{ Species = 'pigeon'; Name = 'vonNeumann'; Age = '6'; Type = 'bird' }) | Out-Null,pigeon,vonNeumann,6,bird
$petsArray+= [PSCustomObject]@{ Species = 'pika'; Name = 'Hopper'; Age = '1'; Type = 'mammal' },$petsArrayList.Add([PSCustomObject]@{ Species = 'pika'; Name = 'Hopper'; Age = '1'; Type = 'mammal' }) | Out-Null,pika,Hopper,1,mammal
$petsArray+= [PSCustomObject]@{ Species = 'antelope'; Name = 'Turing'; Age = '6'; Type = 'mammal' },$petsArrayList.Add([PSCustomObject]@{ Species = 'antelope'; Name = 'Turing'; Age = '6'; Type = 'mammal' }) | Out-Null,antelope,Turing,6,mammal
$petsArray+= [PSCustomObject]@{ Species = 'marmot'; Name = 'Knuth'; Age = '8'; Type = 'mammal' },$petsArrayList.Add([PSCustomObject]@{ Species = 'marmot'; Name = 'Knuth'; Age = '8'; Type = 'mammal' }) | Out-Null,marmot,Knuth,8,mammal
$petsArray+= [PSCustomObject]@{ Species = 'ferret'; Name = 'Kernighan'; Age = '3'; Type = 'mammal' },$petsArrayList.Add([PSCustomObject]@{ Species = 'ferret'; Name = 'Kernighan'; Age = '3'; Type = 'mammal' }) | Out-Null,ferret,Kernighan,3,mammal
$petsArray+= [PSCustomObject]@{ Species = 'antelope'; Name = 'Thompson'; Age = '7'; Type = 'mammal' },$petsArrayList.Add([PSCustomObject]@{ Species = 'antelope'; Name = 'Thompson'; Age = '7'; Type = 'mammal' }) | Out-Null,antelope,Thompson,7,mammal
$petsArray+= [PSCustomObject]@{ Species = 'dove'; Name = 'Bentley'; Age = '4'; Type = 'mammal' },$petsArrayList.Add([PSCustomObject]@{ Species = 'dove'; Name = 'Bentley'; Age = '4'; Type = 'mammal' }) | Out-Null,dove,Bentley,4,mammal
$petsArray+= [PSCustomObject]@{ Species = 'sheep'; Name = 'Schneir'; Age = '7'; Type = 'mammal' },$petsArrayList.Add([PSCustomObject]@{ Species = 'sheep'; Name = 'Schneir'; Age = '7'; Type = 'mammal' }) | Out-Null,sheep,Schneir,7,mammal
$petsArray+= [PSCustomObject]@{ Species = 'aardvark'; Name = 'Flowers'; Age = '6'; Type = 'mammal' },$petsArrayList.Add([PSCustomObject]@{ Species = 'aardvark'; Name = 'Flowers'; Age = '6'; Type = 'mammal' }) | Out-Null,aardvark,Flowers,6,mammal
$petsArray+= [PSCustomObject]@{ Species = 'pig'; Name = 'Babbage'; Age = '5'; Type = 'mammal' },$petsArrayList.Add([PSCustomObject]@{ Species = 'pig'; Name = 'Babbage'; Age = '5'; Type = 'mammal' }) | Out-Null,pig,Babbage,5,mammal
$petsArray+= [PSCustomObject]@{ Species = 'llama'; Name = 'Lovelace'; Age = '4'; Type = 'mammal' },$petsArrayList.Add([PSCustomObject]@{ Species = 'llama'; Name = 'Lovelace'; Age = '4'; Type = 'mammal' }) | Out-Null,llama,Lovelace,4,mammal
$petsArray+= [PSCustomObject]@{ Species = 'pigeon'; Name = 'Cox'; Age = '13'; Type = 'bird' },$petsArrayList.Add([PSCustomObject]@{ Species = 'pigeon'; Name = 'Cox'; Age = '13'; Type = 'bird' }) | Out-Null,pigeon,Cox,13,bird
$petsArray+= [PSCustomObject]@{ Species = 'parrot'; Name = 'Rivest'; Age = '14'; Type = 'bird' },$petsArrayList.Add([PSCustomObject]@{ Species = 'parrot'; Name = 'Rivest'; Age = '14'; Type = 'bird' }) | Out-Null,parrot,Rivest,14,bird
$petsArray+= [PSCustomObject]@{ Species = 'cockatoo'; Name = 'Adelman'; Age = '3'; Type = 'bird' },$petsArrayList.Add([PSCustomObject]@{ Species = 'cockatoo'; Name = 'Adelman'; Age = '3'; Type = 'bird' }) | Out-Null,cockatoo,Adelman,3,bird
$petsArray+= [PSCustomObject]@{ Species = 'pangolin'; Name = 'Shamir'; Age = '3'; Type = 'mammal' },$petsArrayList.Add([PSCustomObject]@{ Species = 'pangolin'; Name = 'Shamir'; Age = '3'; Type = 'mammal' }) | Out-Null,pangolin,Shamir,3,mammal
$petsArray+= [PSCustomObject]@{ Species = 'goat'; Name = 'Church'; Age = '7'; Type = 'mammal' },$petsArrayList.Add([PSCustomObject]@{ Species = 'goat'; Name = 'Church'; Age = '7'; Type = 'mammal' }) | Out-Null,goat,Church,7,mammal
$petsArray+= [PSCustomObject]@{ Species = 'rabbit'; Name = 'Turing'; Age = '4'; Type = 'mammal' },$petsArrayList.Add([PSCustomObject]@{ Species = 'rabbit'; Name = 'Turing'; Age = '4'; Type = 'mammal' }) | Out-Null,rabbit,Turing,4,mammal
$petsArray+= [PSCustomObject]@{ Species = 'cat'; Name = 'Godel'; Age = '9'; Type = 'mammal' },$petsArrayList.Add([PSCustomObject]@{ Species = 'cat'; Name = 'Godel'; Age = '9'; Type = 'mammal' }) | Out-Null,cat,Godel,9,mammal
$petsArray+= [PSCustomObject]@{ Species = 'horse'; Name = 'Hilbert'; Age = '8'; Type = 'mammal' },$petsArrayList.Add([PSCustomObject]@{ Species = 'horse'; Name = 'Hilbert'; Age = '8'; Type = 'mammal' }) | Out-Null,horse,Hilbert,8,mammal
$petsArray+= [PSCustomObject]@{ Species = 'ocelot'; Name = 'Diffie'; Age = '11'; Type = 'mammal' },$petsArrayList.Add([PSCustomObject]@{ Species = 'ocelot'; Name = 'Diffie'; Age = '11'; Type = 'mammal' }) | Out-Null,ocelot,Diffie,11,mammal
$petsArray+= [PSCustomObject]@{ Species = 'alpaca'; Name = 'Hellman'; Age = '9'; Type = 'mammal' },$petsArrayList.Add([PSCustomObject]@{ Species = 'alpaca'; Name = 'Hellman'; Age = '9'; Type = 'mammal' }) | Out-Null,alpaca,Hellman,9,mammal
$petsArray+= [PSCustomObject]@{ Species = 'llama'; Name = 'Shannon'; Age = '4'; Type = 'mammal' },$petsArrayList.Add([PSCustomObject]@{ Species = 'llama'; Name = 'Shannon'; Age = '4'; Type = 'mammal' }) | Out-Null,llama,Shannon,4,mammal
$petsArray+= [PSCustomObject]@{ Species = 'cat'; Name = 'Bell'; Age = '9'; Type = 'mammal' },$petsArrayList.Add([PSCustomObject]@{ Species = 'cat'; Name = 'Bell'; Age = '9'; Type = 'mammal' }) | Out-Null,cat,Bell,9,mammal
$petsArray+= [PSCustomObject]@{ Species = 'chinchilla'; Name = 'Vint'; Age = '2'; Type = 'mammal' },$petsArrayList.Add([PSCustomObject]@{ Species = 'chinchilla'; Name = 'Vint'; Age = '2'; Type = 'mammal' }) | Out-Null,chinchilla,Vint,2,mammal
$petsArray+= [PSCustomObject]@{ Species = 'loris'; Name = 'Berners-Lee'; Age = '3'; Type = 'mammal' },$petsArrayList.Add([PSCustomObject]@{ Species = 'loris'; Name = 'Berners-Lee'; Age = '3'; Type = 'mammal' }) | Out-Null,loris,Berners-Lee,3,mammal
$petsArray+= [PSCustomObject]@{ Species = 'cow'; Name = 'Cutler'; Age = '7'; Type = 'mammal' },$petsArrayList.Add([PSCustomObject]@{ Species = 'cow'; Name = 'Cutler'; Age = '7'; Type = 'mammal' }) | Out-Null,cow,Cutler,7,mammal
$petsArray+= [PSCustomObject]@{ Species = 'sheep'; Name = 'Flowers'; Age = '6'; Type = 'mammal' },$petsArrayList.Add([PSCustomObject]@{ Species = 'sheep'; Name = 'Flowers'; Age = '6'; Type = 'mammal' }) | Out-Null,sheep,Flowers,6,mammal
$petsArray+= [PSCustomObject]@{ Species = 'badger'; Name = 'Huffman'; Age = '4'; Type = 'mammal' },$petsArrayList.Add([PSCustomObject]@{ Species = 'badger'; Name = 'Huffman'; Age = '4'; Type = 'mammal' }) | Out-Null,badger,Huffman,4,mammal
$petsArray+= [PSCustomObject]@{ Species = 'dog'; Name = 'Lamarr'; Age = '11'; Type = 'mammal' },$petsArrayList.Add([PSCustomObject]@{ Species = 'dog'; Name = 'Lamarr'; Age = '11'; Type = 'mammal' }) | Out-Null,dog,Lamarr,11,mammal
$petsArray+= [PSCustomObject]@{ Species = 'gerbil'; Name = 'Newman'; Age = '2'; Type = 'mammal' },$petsArrayList.Add([PSCustomObject]@{ Species = 'gerbil'; Name = 'Newman'; Age = '2'; Type = 'mammal' }) | Out-Null,gerbil,Newman,2,mammal
$petsArray+= [PSCustomObject]@{ Species = 'penguin'; Name = 'Linus'; Age = '6'; Type = 'mammal' },$petsArrayList.Add([PSCustomObject]@{ Species = 'penguin'; Name = 'Linus'; Age = '6'; Type = 'mammal' }) | Out-Null,penguin,Linus,6,mammal
$petsArray+= [PSCustomObject]@{ Species = 'tortoise'; Name = 'Torvalds'; Age = '21'; Type = 'reptile' },$petsArrayList.Add([PSCustomObject]@{ Species = 'tortoise'; Name = 'Torvalds'; Age = '21'; Type = 'reptile' }) | Out-Null,tortoise,Torvalds,21,reptile
$petsArray+= [PSCustomObject]@{ Species = 'adder'; Name = 'Euler'; Age = '4'; Type = 'reptile' },$petsArrayList.Add([PSCustomObject]@{ Species = 'adder'; Name = 'Euler'; Age = '4'; Type = 'reptile' }) | Out-Null,adder,Euler,4,reptile
$petsArray+= [PSCustomObject]@{ Species = 'bat'; Name = 'Bob'; Age = '2'; Type = 'mammal' },$petsArrayList.Add([PSCustomObject]@{ Species = 'bat'; Name = 'Bob'; Age = '2'; Type = 'mammal' }) | Out-Null,bat,Bob,2,mammal